{"cameraMode":{"drawMode":0,"name":"Shaded","section":"Shading Mode"},"sceneLighting":false,"audioPlay":false,"sceneViewState":{"showFog":true,"showMaterialUpdate":false,"showSkybox":false,"showFlares":true,"showImageEffects":true,"showParticleSystems":true},"in2DMode":false,"pivot":{"x":-3.2908904552459719,"y":0.07915619015693665,"z":-3.323439121246338},"rotation":{"x":0.20103982090950013,"y":-0.7947846055030823,"z":0.3566571772098541,"w":0.4480123221874237},"size":0.5036463737487793,"orthographic":false}