{"cameraMode":{"drawMode":0,"name":"Shaded","section":"Shading Mode"},"sceneLighting":false,"audioPlay":false,"sceneViewState":{"showFog":true,"showMaterialUpdate":false,"showSkybox":false,"showFlares":true,"showImageEffects":true,"showParticleSystems":true},"in2DMode":false,"pivot":{"x":-0.02565769851207733,"y":0.03353244811296463,"z":-0.001117423176765442},"rotation":{"x":0.07017848640680313,"y":0.8271248936653137,"z":0.10603510588407517,"w":-0.5474502444267273},"size":0.803646445274353,"orthographic":false}