{"cameraMode":{"drawMode":0,"name":"Shaded","section":"Shading Mode"},"sceneLighting":true,"audioPlay":false,"sceneViewState":{"showFog":true,"showMaterialUpdate":false,"showSkybox":true,"showFlares":true,"showImageEffects":true,"showParticleSystems":true},"in2DMode":false,"pivot":{"x":-0.6690905094146729,"y":1.6263482570648194,"z":7.96690559387207},"rotation":{"x":0.0044992356561124329,"y":-0.018600113689899446,"z":0.00008342323417309672,"w":0.9998207688331604},"size":8.197510719299317,"orthographic":false}